a_line_number	b_z_score	c_source_sent	d_reference_sent	e_system_output	f_neg_error	g_notes	h_ei_in_source
1422	-2.267	Luonnonmateriaalista valmistettu musta neule poolokauluksilla ei voi olla virhehankinta.	Black sweater with a turtleneck, made from natural materials can’t be a wrong purchase.	Black knitting made of natural material with polo collars cannot be a mistake.	0	possible error re: scope	1
1870	-2.071	Tuollaisessa tilanteessa ei sovi höntyillä.	You can't fuss around in a situation like that.	In such a situation, it is not appropriate to have mosquitoes.	1	figurative expression?	1
1169	-1.942	Suomen valtionjohdolle on kerrottu, ettei Airiston Helmen tutkinta liity tällä hetkellä kansalliseen turvallisuuteen, vaan järjestäytyneeseen rikollisuuteen, uutisoi Yle.	The Finnish state leadership has been told that Airiston Helmi investigation currently has nothing to do with national security, but organised crime, Yle reports.	The Finnish state leadership has been told that the Airiston Pearl investigation is not currently related to national security, but to organised crime, reports Yle.	0	ref and system use different forms	ettei
677	-1.695	Käsikirjoituksia popsahtelee mieleen jatkuvasti, mutta yleensä en tee valmista kerralla.	Scripts pop up in my mind all the time, but usually I never finish a comic at one go.	The manuscripts keep pop into my mind, but usually I don't make it ready at once.	1	error may be with verb	1
1339	-1.6	Pääkaupunki Tokio ei ole suoraan myrskyn reitillä, mutta myös sinne on luvassa kovia tuulia ja sateita.	The capital Tokyo is not directly on the path of the storm, but strong winds and rain have been promised there, too.	The capital, Tokyo, is not directly on the storm's route, but there will also be strong winds and rainfall.	0		1
1662	-1.544	Jos nyt lähdetään sille tielle, että lähtökohtaisesti Suomessa kaikki on kiellettyä, mitä ei erikseen ole sallittu, ei enää tiedä, itkeäkö vai nauraa.	If we now go down the road that leads to a Finland where everything is forbidden that is not separately permitted, I don’t know any more whether to laugh or cry.	If we now go down the road that, in principle, everything is forbidden in Finland, which is not expressly allowed, we no longer know whether we are crying or laughing.	0		1
720	-1.469	Eurooppa ei Rehnin mielestä näytä jauhautuvan kauppasodan jalkoihin.	Rehn does not think that Europe will be ground under the feet of a trade war.	In Rehn's view, Europe does not seem to be grinding to the feet of a trade war.	0	modifying different verbs in ref vs. system?	1
1037	-1.461	Hän sanoi, ettei hänellä ole kiirettä uuteen suhteeseen, vaan hän aikoo keskittyä itseensä.	She said she’s in no hurry to find a new relationship, but that she is going to focus on herself.	He said he was not in a hurry for a new relationship, but was going to focus on himself.	0		ettei
1738	-1.447	Osuma oli niin kova, että kotiyleisön edessä otellut konkari ei edes yrittänyt nousta ylös matosta.	The punch was so hard the veteran, who was fighting in front of a home crowd, didn’t even try to get up from the mat.	The hit was so hard that the blacksmith in front of the home crowd didn't even try to get up from the carpet.	0		1
230	-1.383	Näin keskustapuolue tyhjentää Vaalan asukkaista, sillä kuka jää sinne turvattomana asumaan vapaaehtoisesti, jos on mahdollisuus muuttaa pois.	This is how the Centre Party empties Vaala of residents, because who will voluntarily stay and live an insecure life there, if there is a possibility to move away?	In this way, the Centre Party will empty the inhabitants of Vaala, because who will stay there unsafe voluntarily if there is an opportunity to move away.	0	ref and system use different forms, but both with negative prefixes: insecure vs. unsafe	0
1836	-1.321	Harva tietää, että Love Island Suomi -sarjassa useiden miesten kuolaama kaunotar Anku esiintyy myös oudoilla vuonna 2010 julkaistuilla Youtube-videoilla askartelutätinä.	Not many know that the beauty Anku, drooled over by men in Love Island Finland show, also appears as a craft lady on odd YouTube videos published in 2010.	Few people know that Anku, the beauty killed by several men in the Love Island Finland series, also appears in strange Youtube videos released in 2010 as a hobby aunt.	0	ref and system use different forms  	0
937	-1.141	En ollut paikalla, mutta sen mitä kuvista näin, niin tilanne oli epämiellyttävä, Värtinen viittasi kentällä tapahtuneeseen rähinöintiin.	I was not present, but what I could see from the pictures, it was an unpleasant situation, Värtinen referred to the pushing and shoving on the field.	I was not here, but what I saw in the pictures was an unpleasant situation, Värtinen referred to the cracking on the ground.	0		1
1324	-1.087	Hän muistuttaa, että pelin seuraaminen itsessään ei ole niin vaikeaselkoista, vaikka ei ymmärtäisi kieltä, jolla sitä pelataan.	She reminds people that following the game is not so difficult to understand, even if one does not understand the language it is played in.	He points out that following the game itself is not so difficult to understand, even if you do not understand the language in which it is played.	0		1
1525	-1.082	Merelle ei nyt pidä mennä, lennot silti aikataulussaan - syysmyrskyn uhkaamilla Kreikan saarilla lomailee parhaillaan tuhansia suomalaisia	No going offshore, the flights still on schedule - there are currently thousands of Finns holidaying in the Greek islands threatened by an autumn gale.	We should not go to the sea now, but flights are still on schedule - thousands of Finns are currently holidaying on the Greek islands threatened by the autumn storm	0		1
1709	-1.078	Kreikassa useissa satamissa laivat eivät liikennöineet lauantaina, kertoi paikallinen uutistoimisto Amna.	Ships did not operate in many Greek harbours on Saturday, local news agency Amna reported.	In Greece, ships did not operate in several ports on Saturday, according to the local news agency Amna.	0		1
649	-1.053	Me kyselimme jo viime vuonna, miksi hän ei osallistu, mutta hän halusi tehdä sen kandin valmiiksi.	We kept asking already last year why she won’t participate, but she wanted to complete the Bachelor's.	We already asked last year why he was not taking part, but he wanted to finish it.	0		1
917	-1.001	Elokuun lopussa Meksiko ja Yhdysvallat pääsivät sopuun keskenään, mutta Kanadan kanssa sopua ei ole vielä syntynyt.	In the end of August, Mexico and the U.S. reached a bilateral understanding, but so far there has been no agreement with Canada.	At the end of August, Mexico and the United States reached an agreement, but no agreement has yet been reached with Canada.	0		1
1911	-0.896	Koska ongelma on selkeä, lakiperustan muuttamisen ei olisi pitänyt olla enempää kuin läpihuutojuttu.	Since the problem is an explicit one, changing the law basis should not have been anything more than an open-and-shut case.	Because the problem is clear, changing the legal basis should not have been more than a pass-through.	0		1
594	-0.744	En tiedä, mitä on tapahtunut hänelle ja lapselleni.	I don’t know what happened to her and my child.	I do not know what has happened to him and my child.	0		1
1083	-0.708	Järjestysmiehet eivät saaneet tilannetta rauhoittumaan vaan paikalle tarvittiin poliiseja ja myös ratsupoliiseja.	Security officers did not manage to calm the situation down, but police officers and also mounted police officers were needed.	The organisers were unable to calm the situation down and police officers and also cavalry officers were needed.	0		1
1095	-0.701	Mendiola ei kuitenkaan usko laitteensa massatuotantoon.	However, Mendiola does not believe in the mass manufacturing of his vehicle.	Mendiola, however, does not believe in mass production of its equipment.	0		1
1336	-0.647	NHK-yleisradioyhtiön mukaan ihmisiä on evakuoitu suojiin, ja sähköt ovat katkenneet yli 300 000 kotitaloudelta.	According to Japan Broadcasting Corporation people have been evacuated to shelters, and there are over 300,000 households without electricity.	According to the NHK broadcaster, people have been evacuated to shelters and more than 300,000 households have had their electricity cut off.	0		without
730	-0.604	Ei ehkä kannata maalata vielä uusia kriisejä, Rehn vastasi, kun häneltä kysyttiin, viekö Italia Euroopan uuteen talouskriisiin.	Maybe we should not yet be imagining new crises, Rehn replied when inquired whether Italy is leading Europe to a new economic crisis.	It may not be worth painting yet more crises, Rehn replied when asked whether Italy would take Europe into a new economic crisis.	0		1
1003	-0.476	Henkiset vammat eivät tilastoihin päädy.	The mental injuries are not included in the statistics.	Mental injuries do not end up in the statistics.	0		1
1585	-0.455	On kyse sitten farkusta, pitsistä, tyllistä tai trikoosta, saappaiden simppeli nahka- tai tekonahkapinta toimii.	No matter whether it's denim, lace, tulle or tricot, the boots’ simple leather or fake leather surface works.	Whether it's jeans, lace, stylish or tricot, the simple leather or artificial leather surface of the boots works.	0	meaning is fine; ref has phrase "no matter"	0
1971	-0.448	Sopimuksen mukaan Musk ei saa toimia Teslan hallituksen puheenjohtajana kolmeen vuoteen.	According to the deal, Musk is not allowed to act as Tesla chairman of the board for three years.	Under the agreement, Musk will not be allowed to chair Tesla's board for three years.	0		1
317	-0.445	Mikäli vaasalaisia olisi ollut yksi vähemmän, ottelua ei olisi voitu aloittaa.	If there were one player less from Vaasa, the match could not have begun.	If there had been one less Vaasa, the match could not have started.	0		1
1663	-0.396	En epäile, etteikö eläinsuojelulaki vaatisi päivitystä.	I don't doubt that the Animal Welfare Act needs an update.	I have no doubt that the Animal Welfare Act requires an update.	0		1
227	-0.358	Nimittäin terveyskeskuksen laitospaikat lopetetaan siksi, ettei siellä ole lääkärin yöpäivystystä.	The institutional care ward at the health centre is closed down because it has no doctor’s night emergency duty.	Namely, the health centre's facilities are being closed because there is no doctor's night call.	0		ettei
1708	-0.293	Iltaan mennessä myöskään ulkoministeriö ei ollut saanut viestejä hädässä olevista suomalaisista.	By the evening the Ministry for Foreign Affairs had received no messages from Finns in distress.	By the evening, the Ministry of Foreign Affairs had not received any messages about Finns in need either.	0		1
1660	-0.283	Muutos aiheuttaa sen, ettei mitään uutta voi kokeilla esimerkiksi yritystoiminnassa eikä tehdä mitään muutakaan ennen kuin sen hyväksyvä laki tai asetus on annettu.	The change will result in a situation where nothing new can be tried in for example business, and no other things can be done before an approving act has been adopted or a decree issued.	The change means that nothing new can be tried in business, for example, and nothing else can be done until the law or regulation adopting it has been adopted.	0		ettei; eikä
1813	-0.268	Koviksen rooli ei pidemmän päälle ole cool: korkea status teini-iässä ei välttämättä johda menestykseen myöhemmin elämässä.	Tough role is not cool in the long run: high status during teenage years does not necessarily lead to success later in life.	Kovis's role is not cool in the long run: high status in teens does not necessarily lead to success later in life.	0		1
1664	-0.255	Mutta tämänsuuntainen lakihanke ei kuulu demokratiaan.	But statute drafting in this direction is not a part of democracy.	But a bill along these lines is not part of democracy.	0		1
1627	-0.251	Poliisin mukaan valvonnan aikana tarkastettiin 112 metsästäjää, ja valvonnan yhteydessä tavattiin vain yksi metsästäjä, jolta puuttui vaadittava metsästyslupa.	According to the police, 112 hunters were checked during the supervision, and only on hunter without a requisite hunting permit was found.	According to the police, 112 hunters were inspected during the surveillance and only one hunter was found who lacked the required hunting licence.	0	ref and system use different forms - "without" vs. "lacked"	without
1755	-0.243	Toistaiseksi kaikki uhrit ovat Palusta, Donggalan tilanteesta ei ole vielä selvyyttä.	So far all the victims are from Palu, there is no certainty of Donggala situation.	So far, all the victims are from Palu, the situation in Donggala is not yet clear.	0		1
1674	-0.228	Ei väliä onko se harmaa-, ruskea- tai monisävyinen, kaikki ruutukuosilliset hameet kuuluvat nyt jokaisen naisen must have -syysvaatteisiin.	No matter whether its grey, brown or multicoloured, all check skirts are now part of every woman’s must have autumn clothes.	No matter whether it's grey, brown or multi-tone, all screen-patterned skirts are now part of every woman's must-have autumn clothes.	0		1
1402	-0.216	O'Donnellin uudesta seurasta ei ole vielä tietoa.	There is no information yet about O’Donnell’s new team.	O'Donnell's new club is not yet known.	0		1
746	-0.214	Illan aikana lavalla esiintyvät toimittajat ja kuvaajat kertovat pitkään valmistelemansa tositarinan, jota ei ole aiemmin julkaistu missään HS:n välineessä.	During the evening, the journalists and photographers on stage share a true story they have been preparing for a long time, and which has never been published in any HS medium.	Journalists and photographers appearing on stage during the evening will tell a true story they have long prepared, which has not previously been published on any HS medium.	0		1
1952	-0.174	Edelleen on paikkoja, joihin yhteydet eivät toimi.	There are still places, where communications do not work.	There are still places where connections are not working.	0		1
886	-0.17	Teper ei enää pystynyt nousemaan lattiasta.	Teper was unable to get up from the mat.	Teper was no longer able to rise from the floor.	0		1
1193	-0.167	Klopp varmasti tunsi tappioaseman kevyesti epäoikeudenmukaisena, koska lähes heti perään Antonio Rüdiger putsasi Mo Salahin ohjauksen maaliviivalta.	Klopp must have felt the losing position being slightly unfair, since almost right after Antonio Rüdiger cleared Mo Salah's shot from the goal line.	Klopp certainly felt the losing position lightly unfair because almost immediately afterwards Antonio Rüdiger dropped Mo Salah's guidance from the finish line.	0	unfair	epä-
141	-0.149	Se ei kuitenkaan onnistunut kovin nopeasti.	That did not happen very fast, though.	However, it did not succeed very quickly.	0		1
1987	-0.149	Tuomiokirkon kellot eivät luonnollisesti soi, kun viisarit eivät liiku.	Naturally the Cathedral's bells won't ring when the hands are not moving.	Naturally, the bells of the cathedral do not ring when the wise men do not move.	0		1
622	-0.136	Varsinaisia syysmyrskyjä ei ole lähipäiville odotettavissa, mutta muuten luvassa on tyypillisen syksyisen vaihtelevaa säätä.	There are no actual autumn gales to be expected in the next few days, but otherwise it will be a typically changeable autumn weather.	No actual autumn storms are expected for the next few days, but otherwise there will be typically variable weather in the autumn.	0		1
1069	-0.134	Tuore käräjätuomio ei ole tätä kirjoittaessa lainvoimainen.	During the time of writing, the recent district court sentence is not non-appealable.	The recent district judgment is not final at the time of writing.	0	ref and system use different forms - "not non-appealable" vs. "not final" -- transfer from Finnish?	1
1469	-0.081	Laitahyökkääjä Oskari Lehtinen jäi sen sijaan ilman sopimusta koeajan jälkeen.	Wingman Oskari Lehtinen did not manage to secure a deal after his trial period.	Winger Oskari Lehtinen, on the other hand, was left without a contract after a probation period.	0	ref and system use very different forms - neg cue only in ref (vs. lexical expression)	without
157	-0.057	Kukaan ei loukkaantunut haverissa.	No one was hurt during the incident.	Nobody was injured in the haver.	0		1
1845	-0.046	En tiedä, mitä Lewisille tapahtui, kun hän jätti ratkaisukierroksen kesken.	I don’t know what happened to Lewis when he did not finish the decisive lap.	I do not know what happened to Lewis when he left the round of solutions unfinished.	0	ref and system use different forms (second negation in sentence)	1
1114	-0.033	Hän ei kuitenkaan usko, että ne ovat kovin mullistavia, vaikkakin palvelut voivat heikentyä.	However, he does not believe them to be very revolutionary, even if the services can weaken.	However, he does not believe that they are very revolutionary, although services may deteriorate.	0		1
673	-0.015	Tyttäreni Viivi Valkama (s. 2000) on taitava piirtäjä, mutta en saanut häntä houkuteltua mukaan ennen kuin kesällä 2016, kun lahjoin Viiviä piirtolevyn avulla.	My daughter Viivi Valkama (b. 2000) is a skilled drawer, but I didn’t manage to persuade her to help me until summer 2016, when I bribed Viivi with a drawing tablet.	My daughter Viivi Valkama (b. 2000) is a skilled cartoonist, but I couldn't attract her until the summer of 2016 when I donated Viivi with the help of a drawing board.	0		1
302	-0.012	En usko, että Kimi muuttuu jäljellä olevissa kisoissa.	I don’t think Kimi is going to change in the last races.	I don't think Kimi will change in the remaining Games.	0		1
1659	0.009	Nyt ollaan säätämässä lähtökohtaisesti kaiken sellaisen toiminnan kieltämistä, johon laki tai asetus ei erikseen lupaa anna.	Now the proposed provisions essentially forbid all such activities that the act or decrees don't separately permit.	In principle, a ban is now being imposed on all activities that are not expressly authorised by law or regulation.	0		1
1797	0.093	Leikkaa kakku vasta kunnolla jäähtyneenä.	Do not cut the cake until it’s properly cooled.	Cut the cake until properly cooled.	1	contradiction!	0
1558	0.093	Se oli ihanaa, olin vain viikon hotellissa poistumatta minnekään.	It was lovely, I was at the hotel for a week without going anywhere.	It was wonderful, I was only in the hotel for a week without leaving anywhere.	0	without	without
61	0.121	Haastatellun pastorin perustelut ovat hyvät, mutta oikeastaan niitä ei edes tarvita, valokuva itse tehtyyn aborttiin kuolleesta naisesta riittää.	The reasoning of the interviewed pastor is sound, but actually not really needed, a picture of a woman died of a self-made abortion is enough.	The arguments of the pastor interviewed are good, but in fact they are not even needed, a photograph of a woman who has died from a self-abortion is enough.	0		1
661	0.135	Hämeen poliisi ei lauantaina kommentoinut tapahtumien kulkua eikä yliajon mahdollista tahallisuutta tutkinnan keskeneräisyyteen vedoten.	Häme police did not comment on the course of the events or the possible deliberateness of the running over, citing incompleteness of investigation.	On Saturday, Häme police did not comment on the course of events or on the possible intent of overdriving, citing the incomplete investigation.	0		eikä
416	0.154	Jos pääsisin voittajakolmikkoon ja sen myötä minulle urkeaisi ura, niin en tahdo uskoa, että se vaikuttaisi millään tavalla suhteeseemme.	If I made it to the top three and I could make a living out of that, I don't want to believe it had any effect on our relationship.	If I were to get into the winning trio and have a career with it, then I do not want to believe that it would have any impact on our relationship.	0		1
1877	0.162	Seitsemän vuotta jatkuneelle sodalle ei kuitenkaan näy loppua.	There is, however, no end in sight for the war of past seven years.	However, there is no end to seven years of war.	0		1
1175	0.166	Emme voi millään vielä tietää sitä, mitä sieltä voi paljastua, eräs Ylen haastateltavista toteaa.	We have no way of knowing what might yet be revealed, one of Yle's interviewees stated.	We cannot yet know what can be revealed there, "says one of Yle's interviewees.	0		1
738	0.169	Ei varmaan haittaa, jos suomalaisia nimiä on mukana, Rehn sanoi ja lisäsi että ei aio kommentoida asiaa tämän pidemmälle.	It probably is all right, if there are Finnish names involved, Rehn said, adding that he has no further comments on the matter.	It probably doesn't matter if Finnish names are included, "Rehn said, adding that he doesn't intend to comment further.	0		1
664	0.188	Sari Piippo jätti uransa Brysselissä ja ryhtyi kotiäidiksi Suomessa - mieleen putkahti idea sarjakuvasta: piirustustaidon puute ei hidastanut	Sari Piippo left her career in Brussels and became a stay-at-home mother in Finland - got an idea of a comic and lack of drawing skills did not slow her down	Sari Piippo left her career in Brussels and became a housewife in Finland - the idea of a comic book sprang to mind: the lack of drawing skills did not slow down	0		1
30	0.228	Ei saatu juuri mitään otetta kaverin hakkuriin, Mikkonen kehui.	We didn’t manage to get almost any hold of the opponent’s spiker, Mikkonen complimented.	There was almost no grip on a friend's chipper, Mikkonen praised.	0		1
176	0.259	Ahdistelusta ja ryyppäämisestä syytetty Trumpin tuomariehdokas saattaa jäädä vaille huippuvirkaa	Trump's justice nominee accused of sexual assault and drinking may be left without the top position	Trump's nominee for judge accused of harassment and drunkenness may miss out on top job	0	without	without
1371	0.264	Herätä tila henkiin, luo oikea tunnelma sisustukseen ja lue kirjaa silmiä väsyttämättä.	Bring the space to life, create an appropriate atmosphere to the decor, and read a book without tiring your eyes.	Revive the space, create the right atmosphere in the interior and read the book without tiring your eyes.	0	without	without
247	0.276	Haluan olla ääni niille, jotka eivät voi lähteä kaduille Turkissa.	I want to be the voice of people who can't take to the streets in Turkey.	I want to be a voice for those who cannot take to the streets in Turkey.	0		1
1484	0.277	Rob Hall jatkoi matkaa eikä enää palannut.	Rob Hall continued to climb and didn’t return.	Rob Hall continued his journey and did not return.	0		eikä
1113	0.28	Kuntatyönantajien työmarkkinajohtaja Markku Jalonen ei ryhdy ennalta arvioimaan ylityö- ja vuoronvaihtokieltojen vaikutuksia.	Labour market director for municipal employers Markku Jalonen will not estimate the effects of overtime and shift-trading bans in advance.	Markku Jalonen, Labour Market Director of Municipal Employers, will not prejudge the impact of bans on overtime and shift.	0		1
1220	0.281	Mieluiten ottaisin molemmat, mutta paha kyllä sijainnillemme maapallon pohjoiskolkassa emme mahda mitään.	I would rather take both, but it’s unlucky that we cannot help our location in the northern corner of the Earth.	I would prefer to take both, but unfortunately we cannot do anything about our location in the north of the globe.	0		1
1915	0.287	Henkilökortti on maksullinen, ja pankkitunnuksia 10-vuotias ei edes saa.	An identity card is not free, and a 10-year-old can’t even get banking identifiers.	The identity card is subject to a fee, and the 10-year-old does not even receive bank codes.	0	ref and system use very different forms	1
1223	0.306	Vastapuolen perusteluja ei juuri kuunnella, koska tärkeintä on, miltä asia itsestä tuntuu.	There is no need to listen to the justifications of the opposing side, since the most important thing is how one feels about the matter.	The arguments of the other side are hardly listened to, because the most important thing is how you feel.	0	ref and system use very different forms	1
1399	0.319	Kanadalaishyökkääjä pelasi oranssimustissa yhteensä kolme Liiga-ottelua ilman tehopisteitä, KooKoo kertoo tiedotteessaan.	The Canadian forward wore orange and black for a total of three Liiga matches without points, KooKoo’s press release says.	The Canadian attacker played a total of three league games in orange black without power points, KooKoo says in his release.	0		without
453	0.33	Lehterä näytti alivoimaosaamistaan, pelipaikka ei vielä varma	Lehterä demonstrated his short-handed skills, position not yet confirmed	Lehterä showed his underpower skills, the place of play is not yet certain	0		1
305	0.348	Minulle siinä ei ole järkeä.	It does not make sense to me.	For me, that makes no sense.	0		1
938	0.355	Värtisen mukaan tapahtumien seurauksena ei ole tehty yhtään rikosilmoitusta.	According to Värtinen, there have been no criminal complaints done after the events.	According to Värtinen, no crime has been reported as a result of the events.	0		1
1487	0.383	Kun miestä tultiin etsimään, hänet löydettiin niin huonossa kunnossa, ettei eloonjäämiseen uskottu.	When people came to look for the man, they found him in such a bad condition that they didn’t believe he would survive.	When the man came to search, he was found in such a bad condition that survival was not believed.	0		ettei
1166	0.385	Sain olla lapsi monen monta vuotta, eikä tarvinnut miettiä, mitä muut ajattelevat minusta.	I got to be a child for many, many years, and I didn’t have to wonder what others think about me.	I was allowed to be a child for many years and did not have to think about what others think about me.	0		eikä
1920	0.394	Alaikäisilläkin voi olla perhetilanteita, joissa kaikista asioista ei voida vapaasti puhua.	Even minors can have family situations, where not all things can be freely discussed.	Minors may also have family situations where not all issues can be discussed freely.	0		1
1716	0.4	He vain olivat nopeampia kuin me, mutta mistään valtavasta asiasta ei ole kyse.	They just were faster than us, but it's not a huge thing.	They were just quicker than us, but nothing huge is at stake.	0		1
1053	0.417	Raiskauksesta ei näyttöä	No proof about the rape	No evidence of rape	0		1
10	0.43	Pelimme ei vielä ole valmista, mutta mitaliputken jatkaminen on tietenkin tavoite, Kouki sanoi.	Our game is not ready yet, but our goal is naturally to continue winning medals, Kouki said.	Our game is not yet ready, but extending the medal streak is, of course, the goal, Kouki said.	0		1
1413	0.452	Kierrättäminen ei ole Puurulan mukaan aiheuta ylimääräistä vaivaa.	According to Puurula, recycling causes no additional trouble.	Recycling is not an extra effort, according to Puuroulette.	0		1
128	0.46	Trump itse ei panisi pahakseen, jos Nobelin saisi.	Trump himself would not mind receiving a Nobel.	Trump himself would not mind receiving the Nobel Prize.	0		1
188	0.461	Tilaisuutta nimitykseen ei osu joka presidenttikaudelle, sillä Yhdysvalloissa korkeimman oikeuden tuomarit nimitetään eliniäksi.	There is no opportunity for a nomination every presidential term, because the United States Supreme Court justices are nominated for life.	The opportunity for the appointment does not coincide with every presidential term, as Supreme Court judges in the United States are appointed for life.	0		1
300	0.487	Hieman alle kolme viikkoa sitten Ferrari kertoi, että Räikkönen ei jatka tallissa ensi kaudella ja samalla Räikkönen ilmoitti siirtyvänsä Sauberille.	A bit under three weeks ago Ferrari announced the Räikkönen will not continue with the team next season, and at the same time Räikkönen announced his move to Sauber.	Just under three weeks ago Ferrari told that Räikkönen would not continue in the stable next season and at the same time Räikkönen announced that he would move to Sauber.	0		1
1199	0.487	Sekään ei kestänyt enää 89. minuutilla, kun vaihtomies Daniel Sturridge pääsi vapaasti ampumaan 25 metristä.	Even that didn't hold anymore on the 89th minute, when substitute Daniel Sturridge had a free shot from 25 metres.	That didn't last any longer in the 89th minute either, when exchange man Daniel Sturridge was free to shoot from 25 metres.	0		1
1654	0.487	Nyt mennään hakoteille - ei enää tiedä, itkeäkö vai nauraa	Really going off the track now - it’s impossible to know whether to laugh or cry	Now we go astray - we no longer know whether to cry or laugh	0		1
1880	0.487	Ei aivan Super Bowl, mutta kymmenet miljoonat amerikkalaiset katsoivat korkeimman oikeuden tuomaridraamaa tv:stä	Not quite Super Bowl, but tens of millions of Americans watched the Supreme Court Justice drama from the television	Not quite the Super Bowl, but tens of millions of Americans watched the Supreme Court judge drama on TV	0		1
167	0.487	Käymme varmuuden vuoksi vielä telakalla tarkastamassa, ettei tästä aiheutunut mitään vahinkoja, Syrjä kertoo.	Just to be on safe side, we are going to the dock to check this caused no damage, Syrjä says.	As a precaution, we are still going to the shipyard to check that no damage was caused, "Syrjä says.	0		ettei
544	0.49	Helenius ei otellut kertaakaan ollessaan tekemisissä Kokkilan ja Helmisen kanssa.	Helenius had no matches while associating with Kokkila and Helminen.	Helenius never once had contact with Kokkila and Helminen.	0		1
1381	0.525	Hyvä valaisin antaa riittävästi valoa, mutta ei häikäise, Jokiniemi vinkkaa.	A good lamp gives enough light but doesn't cause glares, Jokiniemi gives tips.	A good luminaire gives enough light, but does not dazzle, Jokiniemi says.	0		1
1581	0.534	Muutama vuosi sitten syys- ja talvikauden hittikengiksi nousseet ylipolvensaappaat eivät ole poistuneet mihinkään.	An autumn and winter seasons’ hit shoe a few years ago, over-the-knee boots are not going anywhere.	The overknee boots that became hit shoes for the autumn and winter seasons a few years ago have not gone away.	1	different meanings - not going anywhere vs. not gone away	1
490	0.534	Ihmiskehoa ei ole luotu olemaan tämän kokoinen, Hall sanoi.	Human body isn’t designed to be this size, Hall said.	The human body has not been created to be this size, Hall said.	0		1
492	0.539	Hall ei halunnut, että hänen lapsensa kasvaisivat ilman isää.	Hall didn’t want his children to grow up without their father.	Hall did not want his children to grow up without a father.	0		1
624	0.539	Miss Suomi -finaalia ei nähdä televisiossa	Miss Finland final won’t be seen on television	Miss Finland final not seen on television	0		1
1405	0.539	Kivijalkakaupan asiakkaiden tuotteita ei enää pakata muovipusseihin, vaan kierrätysmateriaalista tehtyihin paperikasseihin.	Brick and mortar shop customers’ items are no longer packed in plastic bags, but in paper bags made from recycled material.	The products of stone shop customers are no longer packed in plastic bags, but in paper bags made of recycled material.	0		1
1206	0.539	Joidenkin sukunimessä on nen-pääte ja joidenkin ei.	Some surnames have a ‘nen’ ending, some do not.	Some have a nen terminal in their surname and some do not.	0		1
538	0.539	Toistuvasti vakuutettiin, että Heleniuksen ei tarvitse mitään maksaa, vain vastaanottaa heidän järjestämiä tuloja.	Again and again there were assurances that Helenius does not need to pay anything, just to receive the income they organise.	There were repeated assurances that Helenius did not have to pay anything, only to receive the income they arranged.	0		1
162	0.539	Ei mainittavampaa törmäystä	No noteworthy crash	No more notable collision	0		1
177	0.565	Yhdysvaltain korkeimman oikeuden tuomariksi esitetty Brett Kavanaugh saattaa hyvinkin jäädä vaille tavoittelemaansa virkaa, arvioi ohjelmajohtaja Mika Aaltola Ulkopoliittisesta instituutista.	Brett Kavanaugh, nominated as a Justice to the Supreme Court, may well be left without the position he is pursuing, estimates programme director Mika Aaltola from the Finnish Institute of International Affairs.	Brett Kavanaugh, who has been presented as a judge of the US Supreme Court, may well not hold the post he is seeking, "says Mika Aaltola, Programme Director at the Foreign Policy Institute.	0		without
1218	0.572	Toisaalta jos ei erityisesti kärsi heräämisestä pimeällä, lisää valoisuus ihmisten liikkumista ulkona ja antaa paremmin mahdollisuuksia esimerkiksi syksyisiin pihatöihin.	On the other hand, if a person does not particularly suffer from waking up when it’s dark, light increases the time people spend outside and better enables for example autumn yard work.	On the other hand, if you do not particularly suffer from waking up in the dark, light increases the movement of people outdoors and gives better opportunities for autumn yard work, for example.	0		1
1996	0.575	Jamsen kertoo, että kirkon kellot eivät soi vian vuoksi.	Jamsen says the church bells don't ring because of a malfunction.	Jamsen says the church bells aren't ringing because of the fault.	0		1
747	0.575	Mukana on jälleen jotakin, mitä kukaan ei ole takuulla ikinä kuullut.	Again there will be something no one has ever heard.	Once again, there is something that no one has ever heard.	0		1
1734	0.576	Saksalainen oli kehässä aloitteellisempi osapuoli, mutta hän ei saanut kunnon osumia perille.	The German had more initiative in the ring, but he didn’t manage to land good hits.	The German was a more proactive party in the ring, but he did not get a decent hit.	0		1
146	0.585	Liikenneturva muistuttaa, että poikkeustilanteissa ei voi lähteä vaarantamaan liikennettä hätiköidyillä ratkaisuilla.	Finnish Road Safety Control notes that one cannot danger the traffic in exceptional situations with rash decisions.	Road safety reminds us that, in exceptional circumstances, traffic cannot be put at risk by hasty solutions.	0		1
1165	0.585	Olen onnellinen, että lapsuudessani ei ollut älypuhelimia.	I’m happy there were no smart phones when I was a child.	I am happy that there were no smartphones in my childhood.	0		1
1068	0.591	Iltalehti ei kerro tuomitun nimeä uhrin yksityisyyden suojelemiseksi.	Iltalehti will not publish the name of the convict in order to protect the victim’r privacy.	Iltalehti does not give the name of the sentenced person to protect the victim's privacy.	0		1
417	0.591	Vaikka joutuisimme asumaan erillään, niin meillä toimii luottamus hyvin ja etäsuhteessa on se hyvä puoli, että se alkukipinä pysyy kokoajan yllä, Alina virnisti toukokuussa.	Even though we would have to live apart, our trust in each other is good, and a good thing about a long-distance relationship is that the first spark never goes out, Alina grinned in May.	Even if we have to live separately, we have good confidence and the good thing about the distance is that the initial spark remains over the whole time, Alina smiled in May.	0	ref and system use different forms (never goes out vs. remains the whole time)	0
1012	0.591	Kun mitään ei tapahdu, tehdään väärä johtopäätös.	When nothing happens, wrong conclusions are drawn.	When nothing happens, the wrong conclusion is drawn.	0		1
1928	0.591	Washington Postin mukaan kyse on rikostutkintaa rajatummasta selvityksestä, eikä se välttämättä tule julkiseksi.	According to Washington Post, the ongoing investigation is a report more restricted than a criminal investigation, and it may not become available to the public.	According to the Washington Post, this is a more limited investigation than a criminal investigation and may not become public.	0		eikä
1158	0.591	En voisi mitenkään kuvitella omaa siskoani samaan tilanteeseen, koska meille on kerrottu ja varoiteltu koko lapsuutemme ajan, että päihteisiin ei saa koskea ja seksi on aikuisten juttu.	I could’ve not imagined my own sister in the same situation, because throughout our childhood we've been told and advised that we should not touch intoxicants and sex is an adult thing.	I could not possibly imagine my own sister in the same situation, because we have been told and warned throughout our childhood that intoxicants must not be touched and sex is an adult thing.	0		1
1806	0.591	Statussymbolit eivät houkuta ystäviä - Neljä faktaa suosiosta	Status symbols do not attract friends - Four facts about popularity	Status symbols do not attract friends - Four facts about popularity	0		1
541	0.604	Yhteistyöstä ei koskaan tehty kirjallista sopimusta.	There never was a written agreement about the co-operation	There was never a written agreement on cooperation.	0		1
614	0.618	Edellisen yön kipakat pakkaset eivät ole toistumassa, koska pilvipeiton alla lämpötilat pysyvät korkeampina.	Last night’s biting cold is not going to repeat, since the temperature will remain warmer under the cloud cover.	The frosty frosts of the previous night are not going to happen again because temperatures remain higher under cloud cover.	0		1
1075	0.619	Aiemmin vastaavaan ei ollut yltänyt yksikään eurooppalaispari.	Earlier no European pair has reached a feat like that.	In the past, no European couple had achieved this.	0		1
1078	0.621	HJK tuomitsee kannattajiensa rajun häiriköinnin Honka-ottelussa: "Väkivalta ei kuulu jalkapalloon"	HJK condemns its supporters violent troublemaking in the match against Honka: ‘Violence does not belong to football’	HJK condemns the violent harassment of its supporters in the Honka match: "Violence is not part of football"	0		1
122	0.622	Jos palkintoa ei anneta Korean niemimaan diplomatiaan osallistuneille, on yksi kärkiehdokkaista kongolainen lääkäri Denis Mukwege.	If the Price is not awarded to participants of diplomacy on Korean peninsula, one of the top nominees is a Congolese doctor Denis Mukwage.	If the prize is not given to those involved in diplomacy on the Korean Peninsula, Denis Mukwege, a Congolese doctor, will be one of the top candidates.	0		1
1145	0.638	Lapsille se ei vaikuta mitenkään vaikealta.	Children seem to have no problems to do this.	For children, it does not seem difficult in any way.	0		1
223	0.648	Sote-valmistelijat eivät kirjoita mihinkään papereihin sitä, että Attendo on rakentanut Vaalaan uuden hoivakodin, joka odottaa nyt tyhjillään asukkaita.	Social welfare and health care reform draughtspersons will not commit to writing that Attendo has built a new nursinghome to Vaala, and now it is empty, waiting for residents.	Sote draftsmen do not write in any papers that Attendo has built a new care home in Vaala, which is now waiting empty for residents.	0		1
1874	0.657	YK:n yleiskokouksessa lauantaina puhunut ulkoministeri Walid Muallem sanoo, että ulkomaalaisten joukkojen on lähdettävä Syyriasta välittömästi ja ilman ehtoja.	Speaking for the United Nations General Assembly on Saturday, Foreign Minister Walid Muallem says the foreign troops must leave Syria immediately and without any stipulations.	Speaking at the UN General Assembly on Saturday, Foreign Minister Walid Muallem says foreign troops must leave Syria immediately and unconditionally.	0	ref and system use different forms	without
393	0.658	Maski ei pidä viruksia kurissa, mutta pitää käyttäjän tietoisena pään alueesta.	The mask doesn’t filter out viruses, but it keeps the user aware of the head area.	The mask does not control viruses, but keeps the user aware of the area of the head.	0		1
1334	0.659	Taifuuni Tramissa on loukkaantunut ainakin 50 ihmistä, mutta viranomaisten mukaan isoilta vammoilta on vältytty eikä kuolonuhreista ole toistaiseksi tietoa.	At least 50 people have been injured in typhoon Trami, but the official say there have been no major injuries and there is no information so far about fatalities.	At least 50 people have been injured in Typhoon Tram, but authorities say major injuries have been avoided and no fatalities are known so far.	0		eikä
692	0.671	Lotossa ei löytynyt kierroksella 39/2018 täysosumia.	During the round 39/2018, there were no jackpot matches.	No full hits were found in Loto in round 39 / 2018.	0		1
493	0.672	Hall piti lupauksensa, eikä häntä enää nähty huhtikuussa järjestetyissä, vuoden 2018 maailman vahvin mies -kisoissa.	Hall kept his promise, and he wasn’t seen in the 2018 World’s Strongest Man competition, organised in April.	Hall kept his promise and was no longer seen at the 2018 World's Strongest Man Games in April.	0		eikä
87	0.674	Teemu Pukki hankki rangaistuspotkun - ei päässyt itse ampumaan	Teemu Pukki gained a penalty kick - didn't get to shoot it himself	Teemu Pukki acquired a penalty kick - couldn't shoot himself	0		1
1270	0.675	Viraston mukaan tviitti oli valheellinen ja harhaanjohtava, eikä Musk ollut puhunut järjestelystä yhtiön muun johdon tai potentiaalisten rahoittajien kanssa.	According to SEC, the tweet was false and misleading, and Musk had not discussed the deal with the company’s other directors or potential financing partners.	The agency said the tweet was false and misleading, and Musk had not spoken about the arrangement with the company's other management or potential financiers.	0		eikä
1134	0.69	Suuri Koralliriutta ei silti ole lastenesitys vaan esitys, jonka aikuiset ja lapset tekevät yhteistoiminnassa.	Still, Great Barrier Reef is not a children’s performance, but a performance formed in co-operation between the adults and the children.	However, the Great Coral Reef is not a children's performance, but a performance made jointly by adults and children.	0		1
506	0.707	Pelastuslaitoksen mukaan henkilövahingoilta vältyttiin.	According to the rescue department, there were no injuries.	According to the Rescue Department, personal injury was avoided.	0	ref and system use different forms	0
1354	0.708	Ehkä se näkyikin, mutta Ässät ei asiaa osannut hyödyntää.	And maybe it did, but Ässät just didn’t manage to capitalise on it.	Maybe it was visible, but Aces couldn't take advantage of it.	0		1
999	0.709	Hän sanoo, että rikostilastot eivät kerro todellista tilannetta.	She says the crime statistics do not reveal the actual situation.	He says that crime statistics do not reflect the real situation.	0		1
1642	0.733	Suomeen tulevien ryhmään valitaan enemmän ihmisiä kuin kiintiössä on, koska käytännössä osa jää eri syistä saapumatta.	There are more people selected to the group arriving in Finland than the quota requires, since in practice some of them will not arrive for different reasons.	More people are elected to the group coming to Finland than there are in the quota, because in practice some are not arriving for various reasons.	0		0
857	0.741	Poliisi ei kerro, onko heidät otettu jo kiinni.	The police do not say whether they have been already caught.	The police do not say whether they have already been apprehended.	0		1
1036	0.745	Missikaunotar kertoi, ettei halua avata eron syitä tarkemmin julkisuudessa, sillä se on hänen ja Roope Salmisen välinen asia.	The beauty queen said she doesn’t want to publicly open up about the reasons for the divorce, because that is just between her and Roope Salminen.	Missikaunotar said that she did not want to open up the reasons for the resignation in more detail in public, as it was a matter between her and Scrooge Salminen.	0	slight difference in meanings	ettei
860	0.745	STT kertoo, että poliisin mukaan suurella yleisöllä ei kuitenkaan ole enää aihetta huoleen, sillä uhka kohdistui tiettyihin ihmisiin.	STT reports that according to the police, the general public has no reason to worry, because the threat was directed at certain people.	The STT reports that, according to the police, however, the general public no longer has cause for concern, as certain people were threatened.	0		1
366	0.764	Huippuluvuilla ei sinänsä ole enää mitään käytännön merkitystä, sillä Heikki Luoman ja Jukka Mäkisen sarjalle ei ole tulossa jatkoa.	The top numbers don’t have any practical meaning as such, because there's going to be no continuation to Heikki Luoma and Jukka Mäkinen’s drama.	The peaks in themselves no longer have any practical significance, as Heikki Luoma's and Jukka Mäkinen's series will not be continued.	0		1
960	0.768	Toki esitys ei korostakaan olevansa antiikin esitystraditiolle uskollinen.	Of course the performance does not even claim to be faithful to the classical performance tradition.	Of course, the performance does not stress that it is faithful to the ancient tradition of performance.	0		1
14	0.788	Minulla ei ollut ainakaan mitään tietoista erilaista latausta, kun pelasin entistä joukkuettani vastaan, Määttänen sanoi.	I for one didn't have any conscious energy differences when playing against my old team, Määttänen said.	I certainly didn't have any conscious different charge when I played against my former team, "Määttänen said.	0		1
1149	0.798	Ihmisen ymmärryksen ylittävien tuhojen ei pidä antaa kovettaa, vaikka voisi olla vaikeaa käsittää, mitä merkitystä omalla myötätunnon harjoittamisella enää tuhonäkyjen edessä on.	One should not let themselves be hardened by the destruction surpassing human understanding, even though it can be difficult to understand the significance of practising one’s own compassion in the face of these visions of destruction.	Destruction beyond human understanding must not be allowed to harden, although it could be difficult to understand the significance of one's own exercise of compassion in the face of destructive visions.	0		1
841	0.81	Tanskan poliisi löysi suur­operaatiossa etsityn Volvon: "Emme voi kertoa mistä"	Danish police found the Volvo searched for in a large operation: ‘We cannot disclose where’	Danish police found Volvo searched for in a large-scale operation: "We can't tell where"	0		1
170	0.825	Ei käyttöä ambulansseille	No use for ambulances	No use for ambulances	0		1
1090	0.83	"Väkivalta ei siihen kuulu", tiedotteessa sanotaan.	‘Violence is not part of that’, the press release says.	"Violence is not part of it," the press release says.	0		1
387	0.838	Töihin voi palata, kun yskä hellittää eikä kuumetta ole enää, sanoo lääketieteen professori Gregory Poland.	Return when you are no longer coughing and no longer have a fever, says medical professor Gregory Poland.	You can return to work when the cough subsides and there is no fever anymore, says Gregory Poland, a professor of medicine.	0		eikä
1349	0.848	Kuusi peliä on vasta pelattuna, eikä tässä ole tietenkään mitään syytä luovuttaa.	We’ve only played six games, and there’s no reason to give up.	Six games have only just been played and, of course, there is no reason to give up here.	0		eikä
1077	0.85	Kukaan eurooppalaispelaaja ei ole voittanut viittä pistettä yhdessä Ryder Cupissa, eikä amerikkalaisistakaan moiseen ole päässyt kuin kolme pelaaja: Arnold Palmer ja Gardiner Dickinson (1969) ja Larry Nelson (1979).	No European player has won five points in a single Ryder Cup, and only three Americans have managed such achievement: Arnold Palmer and Gardiner Dickinson (1969) and Larry Nelson (1979).	No European player has won five points in one Ryder Cup, and even the Americans have only three players: Arnold Palmer and Gardiner Dickinson (1969) and Larry Nelson (1979).	0		1
866	0.861	Kansanäänestyksen kysymyksessä ei mainita uutta nimeä, vaan tiedustellaan, kannattaako äänestäjä Makedonian EU- ja Nato-jäsenyyttä hyväksymällä sopimuksen.	The question in the referendum does not mention a new name, but inquires whether the voter support Macedonian membership in EU and NATO by accepting the deal.	The referendum question does not mention a new name, but asks whether the voter is in favour of Macedonia's membership of the EU and NATO by approving the agreement.	0		1
906	0.883	Uhri sai ruhjevammoja, jotka eivät vaatineet lääkärissä käyntiä.	The victim was bruised, but the injuries did not require a visit to a doctor.	The victim suffered bruising injuries that did not require a visit to the doctor.	0		1
671	0.89	Olin piirtänyt viimeksi lapsena, mutta kun näitä Luomuhömpän käsikirjoituksia alkoi silloin syntyä, niin tilanne muuttui.	I hadn’t drawn since childhood, but when these scripts for Luomuhömppä then started to emerge, the situation changed.	I had last drawn as a child, but when these manuscripts of Luomuhömpä started to emerge then, the situation changed.	0	ref and system use different forms (hadn't drawn since vs. had last drawn)	0
653	0.89	Alinan poikaystävä Joonas Hurri jääkiekkoilee työkseen Japanissa, eikä päässyt Suomeen kannustamaan rakastaan finaalissa.	Alina’s boyfriend Joonas Hurri is a professional ice hockey player in Japan, and he wasn’t able to come to Finland to support his dearest in the final.	Alina's boyfriend Joonas Hurri is playing ice hockey in Japan and couldn't get to Finland to encourage his love in the finals.	0		eikä
1986	0.895	Viimeinen tuomio ei ole syy	The reason is not the Last Judgement	The last judgment is not the reason	1	difference in interpretation, if not entirely a contradiction	1
1107	0.898	Työnantajan tehtävä on nyt pitää huoli siitä, että palvelut pelaavat ja ettei kenenkään henki ole uhattuna, Niemi-Laine sanoo STT:lle.	The employer’s task now is to take care of the services and that no one’s life is in danger, Niemi-Laine says to STT.	It is now up to the employer to ensure that the services play and that no one's life is threatened, "Niemi-Laine says to STT.	0		ettei
1817	0.907	Korkeaa statusta viestivät luk­susautot, merkkilaukut tai -kellot eivät tee ihmisestä coolia - tai ainakaan aidosti houkuttavaa seuraa.	Luxury cars, designer bags or watches signifying high status do not make a person cool - or at least not genuinely attractive company.	Wolf cars, designer bags or watches that communicate high status do not make a person cool - or at least genuinely attractive company.	0		1
1414	0.917	Ei ole iso ongelma alkaa kierrättää.	It's not a big problem to begin recycling.	It is not a big problem to start recycling.	0		1
1599	0.927	Ensimmäistä kertaa robottiautot kulkevat täysin automaattisesti muun liikenteen seassa ilman erityisiä liikennejärjestelyjä.	This is the first time robot cars operate completely automatically among other traffic without any specific traffic arrangements.	For the first time, robot cars will travel completely automatically among other traffic without any special traffic arrangements.	0		without
436	0.928	Lundberg totesi, että joukkue ei kuitenkaan syttynyt sellaiseen taisteluun, mitä hän odotti.	Lundberg said the team didn't however really fight the way he expected.	Lundberg noted, however, that the team did not spark the kind of battle he expected.	0		1
1992	0.936	Näinhän luonnollisestikaan ei ole, vaan kello on pysähtynyt teknisen syyn vuoksi: se on mennyt rikki.	This is naturally not the case, because the clock has stopped because of a technical malfunction: it’s broken.	Of course, this is not the case, but the clock has stopped for a technical reason: it has broken.	0		1
1486	0.943	Myrskyn noustessa hän eksyi eikä enää löytänyt takaisin leiriin.	As the storm blew up, he got lost and didn’t find his way back to the camp.	When the storm rose, he got lost and could no longer find his way back to the camp.	0		eikä
1004	0.945	Väkivaltatilanteissa on aina ollut se ongelma, että niistä ei aina synny fyysisiä vammoja.	Violent situations always have had the problem that there do not always result in physical injuries.	In situations of violence, the problem has always been that they do not always lead to physical injuries.	0		1
1014	0.952	Kun vartioinnin vuoksi häiriötilanteet pysyivät hyvin hallussa, syntyi mielikuva, että vartiointi olisikin tarpeetonta.	When security managed to control the disturbances, an impression was created that this security would be unnecessary.	When, as a result of security, disturbances remained well in hand, the impression was created that security was unnecessary.	0		0
875	0.969	Kansanäänestys ei ole sitova, mutta kyllä-äänten voitto antaisi mandaatin muuttaa perustuslakia.	The referendum is not binding, but if the yes votes win, it would give a mandate to change the constitution.	The referendum is not binding, but a "yes" vote would give a mandate to change the constitution.	0		1
1857	0.974	Lewisillä oli aikomus voittaa Valtteri, mutta hän ei onnistunut seiskamutkassa.	Lewis meant to win Valtteri, but he didn’t succeed in the seventh turn.	Lewis had the intention of beating Valtteri, but he did not succeed in a stoppage bend.	0		1
1159	0.99	Toivon, että nykyajan lapset pystyisivät elämään kunnollisen lapsuuden, eikä heidän tarvitsisi aikuistua liian aikaisin kavereiden luoman ryhmäpaineen takia.	I hope present-day children could live a proper childhood, and they wouldn’t need to grow up too early because of the peer pressure created by friends.	I wish modern children would be able to live a decent childhood and not have to grow up too early because of the group pressure created by friends.	0		eikä
919	0.995	Trump on sanonut, että Kanadan mukanaolo sopimuksessa ei ole välttämätöntä.	Trump has said it’s not essential to include Canada in the agreement.	Trump has said that Canada's involvement in the agreement is not necessary.	0		1
1067	1.007	Vankeusrangaistus ei ole miehen ensimmäinen.	The imprisonment is not the man's first.	The prison sentence is not the man's first.	0		1
1007	1.007	Liian moni pelkää työpaikallaan, vaikka varsinaista tekoa ei tapahdukaan.	Too many are afraid at their workplace, even though no actual violence would happen.	Too many people are afraid in their workplace, even if the actual act does not happen.	0		1
1431	1.023	Ei ole mitään syytä olettaa, että Venäjän federaation ulkomaantiedustelu SVR tai sotilastiedustelu GRU olisivat luopuneet tästä toimintatavasta.	There is no reason to suppose that the Foreign Intelligence Service of the Russian Federation (SVR) or The Main Directorate of the General Staff of the Armed Forces of the Russian Federation (GRU) would have abandoned this mode of operation.	There is no reason to suppose that the Russian Federation's foreign intelligence SVR or the military intelligence GRU have abandoned this course of action.	0		1
1995	1.031	Tilillä nimittäin mainitaan, että viimeinen tuomio ei ole syy kellon pysähtymiselle.	That is to say, the reason for the clock stopping is not the Last Judgement, the account mentions.	The account mentions that the last judgment is not the reason for the clock to stop.	0	swap in argument order, but better meaning preservation than previous example of argument order swap	1
164	1.033	Suurempaa dramatiikkaa tapaukseen ei Syrjän mukaan liittynyt, sillä aluksen vauhti oli tapahtumahetkellä hyvin alhainen eikä pohjaan osuminen aiheuttanut mainittavampaa törmäystä.	According to Syrjä, there was no bigger drama involved in the event, because the ship's speed was very low at the time of the event, and hitting the bottom did not cause any significant crash.	According to Syrjä, there was no greater drama involved, as the speed of the vessel was very low at the time of the incident and hitting the bottom did not cause a more significant collision.	0		1
959	1.037	Näyttelijät eivät poistu lainkaan näyttämöltä, joten esimerkiksi myös Troijan sodasta palaavan Agamemnonin ja tämän sotasaaliin Kassandran murhat näytetään näyttämöllä, toisin kuin antiikin esitystraditiossa oli tapana.	The actors never leave the stage, so also for example the murders of Agamemnon, who returns from the war of Troy, and his prize of war, Cassandra, are shown on the stage, unlike in the classical tradition.	Actors do not leave the stage at all, so the murders of Agamemnon, who is returning from the Trojan War, and Kassandra, for example, are also shown on the stage, contrary to ancient performance tradition.	0		1
1155	1.039	Minun mielestäni lapsien pitäisi olla lapsia koko lapsuutensa ajan, eikä sotkea elämäänsä päihteiden ja seksin takia, koska muutkin sanovat tekevänsä niin.	I think children should be children thoughout their childhood, and not mess up their lives because of intoxicants and sex, because all the others say they are doing that.	In my opinion, children should be children throughout their childhood and not mess up their lives because of substance abuse and sex, because others say they do.	0		eikä
420	1.054	Silti juuri mistään ei haluta luopua.	Yet people are not ready to give up practically anything.	Yet there is little desire to give up.	0	ref and system using interestingly different forms	1
1927	1.074	Selvitys ei saa kestää viikkoa kauempaa.	The investigation must not take more than a week.	The investigation shall not exceed one week.	0		1
920	1.086	Hän on aiemmin tiedottanut kongressille, että suunnitelmissa on allekirjoittaa sopimus marraskuun lopussa - oli Kanada mukana tai ei.	Earlier he notified the Congress that the plan is to sign the agreement in the end of November - whether Canada is involved in it or not.	He has previously informed Congress that there are plans to sign the agreement at the end of November - whether Canada is involved or not.	0		1
822	1.086	Eikä heidän nöyryyttään ollut ulkopuolisen helppo arvioida.	And their humility was not easy to estimate as an outsider.	And their humility was not easy for an outsider to judge.	0		eikä
1665	1.086	En tunne valitettavasti perustuslakia kovinkaan hyvin, mutta mahtaakohan se hyväksyä tällaisen "kaikki on kiellettyä, mitä ei laissa tai asetuksessa erikseen sallita" -menettelyn.	Unfortunately I don't know the Constitution all that well, but I wonder whether it permits this kind of ‘everything is forbidden if it's not separately permitted in an act or a decree’ procedure.	Unfortunately, I am not very familiar with the Constitution, but I wonder whether it will accept this' everything is forbidden, which is not expressly permitted by law or regulation '.	0	ref and system use interestingly different forms	1
764	1.097	Missään ei ole mitään tilastoja siitä, että Suomen poliisi olisi dronen käytön mestari.	There are no statistics available about Finnish police being a master in drone use.	Nowhere are there any statistics that the Finnish police are the champion of drone use.	0	ref and system use different forms	1
194	1.125	Harvoin on savua ilman tulta, sanoo Aaltola.	There is rarely smoke without fire, Aaltola says.	Rarely is there smoke without fire, says Aaltola.	0	rarely	0
949	1.176	Esimerkiksi Kansallisteatterissa on nähty viimeksi antiikin tragedia, Sofokleen Filoktetes, vuonna 1988.	For example, there has not been a classical tragedy in the Finnish National Theatre since Sophocles’ Philoctetes in 1998.	For example, the National Theatre last saw an ancient tragedy, the Philoctetes of Sofia, in 1988.	0	interestingly different forms	0
532	1.2	Olemme yrittäneet sovitella, mutta muuta vaihtoehtoa ei ole.	We have attempted to settle this, but there is no other option.	We have tried to mediate, but there is no alternative.	0		1
698	1.253	Indonesian maanjäristys: Lennonjohtaja uhrasi itsensä - ei jättänyt halkeilevaa tornia, ennen kuin sai sadat matkustajat turvaan	Indonesian earth quake: An air traffic controller sacrified himself - didn’t leave a fractured tower until he managed to save hundreds of travellers	Indonesia earthquake: Air traffic controller sacrificed himself - didn't leave cracking tower until he got hundreds of passengers to safety	0		1
150	1.254	Myös pysäyttäminen ilman pakottavaa syytä on kielletty, kuten totta kai myös pysäköinti.	In addition, stopping without a compelling reason is forbidden, as is naturally parking.	Stopping for no compelling reason is also prohibited, as is parking, of course.	0		without
848	1.263	Emme voi vielä kertoa, mistä auto löytyi, Henrik Storm Kööpenhaminan poliisin tiedotuksesta kertoo Ilta-Sanomille.	We cannot yet disclose where the car was found, says Henrik Storm form Copenhagen police communications to Ilta-Sanomat.	We cannot yet tell where the car was found, Henrik Storm from the Copenhagen police tells Ilta-Sanomat.	0		1
224	1.279	Muita palveluntuottajia ei ole.	There are no other service providers.	There are no other service providers.	0		1
1829	1.307	Blogin mukaan Zorbas-myrskyn suurin huolenaihe ei kuitenkaan ole tuuli, vaan rankat sateet.	According to the blog, the biggest concern of Zorba storm is not the wind though, but the heavy rain.	According to the blog, however, the main concern of storm Zorbas is not wind, but heavy rainfall.	0		1
1006	1.316	Ero väkivaltatilanteen ja uhkaavan väkivaltatilanteen välillä on vaikea vetää, kun tietyn tasoinen aggressiivinen uhkailukin on laskettava väkivallaksi - vaikka käsiksi käymistä ei olisikaan.	It is difficult to draw a line between a violent situation and an impending violent situation, since also aggressive threats of a certain level must be considers as violence - even though there was no physical violence.	The difference between a violent situation and a threatening violent situation is difficult to draw when a certain level of aggressive threats must also be counted as violence - even if there is no access.	0		1
1459	1.366	Linja-auton kuljettajaa ei epäillä rikoksesta.	The bus driver is not suspected of a crime.	The bus driver is not suspected of a crime.	0		1
386	1.567	Heti, kun tunnistat oireet, sinun ei pitäisi olla koulussa tai töissä.	As soon as you are aware of any symptoms, you should not be in school or at work.	As soon as you recognize the symptoms, you shouldn't be at school or at work.	0		1